{
  "version": 2,
  "n_cells": 70,
  "processed_bytes": 276302,
  "bucket_minutes": 120,
  "last_ema_bucket_id": 245237,
  "ema_coll": [
    1.9236696971347556e-05,
    0.0,
    0.012522677890956402,
    0.0,
    0.19333380460739136,
    7.68994796089828e-05,
    0.22645582258701324,
    0.0,
    0.0006920953164808452,
    0.0,
    0.6299607753753662,
    0.024882102385163307,
    0.0,
    0.013769182376563549,
    0.0,
    0.0,
    0.6423624157905579,
    0.0,
    0.0,
    0.0,
    0.03456927463412285,
    2.3573708534240723,
    1.6397193670272827,
    0.4902055561542511,
    0.3659549653530121,
    0.42773109674453735,
    3.883565659634769e-05,
    0.1824263632297516,
    0.01564936153590679,
    1.8442431688308716,
    0.0,
    1.8074060678482056,
    0.11277898401021957,
    1.5216237306594849,
    0.0,
    5.225833592703566e-05,
    0.01968669518828392,
    0.0010534620378166437,
    0.006206931546330452,
    0.6693572998046875,
    0.39955052733421326,
    0.0,
    0.01188707072287798,
    0.9085396528244019,
    3.107403039932251,
    0.0,
    3.5769054889678955,
    0.00013139854127075523,
    3.4177193641662598,
    2.1686031818389893,
    1.8514659404754639,
    0.1509416401386261,
    2.4471023082733154,
    0.0,
    0.0005003921687602997,
    0.0,
    0.07874506711959839,
    0.0,
    0.0,
    0.0,
    0.5225155353546143,
    0.0,
    0.0,
    0.03639882057905197,
    0.6745745539665222,
    0.5000001192092896,
    0.8360043168067932,
    0.0,
    0.0,
    0.00019392471585888416
  ],
  "ema_inc": [
    0.0,
    3.7548574027823634e-08,
    0.3968506455421448,
    0.0,
    0.0003932636172976345,
    0.0,
    0.7937006950378418,
    0.0,
    0.0,
    0.0,
    0.00011544383596628904,
    0.0,
    0.0,
    0.0994812399148941,
    0.15872052311897278,
    0.0,
    0.0,
    0.7718504071235657,
    0.0,
    0.0,
    0.0012385015143081546,
    0.006240266375243664,
    0.006542126648128033,
    1.2961709217051975e-06,
    0.015778798609972,
    1.031419038772583,
    0.21175476908683777,
    0.16207551956176758,
    0.15751349925994873,
    0.3648092746734619,
    0.0,
    1.3514851331710815,
    5.093075287732063e-06,
    0.1114678606390953,
    0.0049215685576200485,
    2.4224467779276893e-05,
    7.62939453125e-06,
    0.0,
    0.0,
    0.0665612667798996,
    0.0008090570918284357,
    2.672821786120494e-08,
    0.005328341852873564,
    0.019686266779899597,
    0.08925434947013855,
    0.2500016689300537,
    2.673431158065796,
    0.21855121850967407,
    0.9388406872749329,
    1.1626255512237549,
    0.3636278808116913,
    0.3171648681163788,
    0.49334150552749634,
    0.0,
    0.0012303916737437248,
    0.0,
    0.02480323612689972,
    0.0,
    0.0,
    0.0,
    0.13457722961902618,
    3.0038859222258907e-07,
    0.0,
    0.0013671540655195713,
    0.382350355386734,
    2.9802322387695312e-08,
    1.2903666496276855,
    0.0,
    0.0,
    0.31732869148254395
  ],
  "last_coll_bucket_id": [
    245190,
    -1,
    245218,
    -1,
    245229,
    245196,
    245230,
    -1,
    245205,
    -1,
    245235,
    245221,
    -1,
    245218,
    -1,
    -1,
    245235,
    -1,
    -1,
    -1,
    245220,
    245237,
    245235,
    245232,
    245232,
    245231,
    245193,
    245226,
    245219,
    245235,
    -1,
    245236,
    245226,
    245235,
    -1,
    245194,
    245220,
    245207,
    245214,
    245235,
    245233,
    -1,
    245217,
    245236,
    245237,
    -1,
    245235,
    245196,
    245236,
    245236,
    245235,
    245228,
    245235,
    -1,
    245204,
    -1,
    245226,
    -1,
    -1,
    -1,
    245234,
    -1,
    -1,
    245220,
    245235,
    245234,
    245233,
    -1,
    -1,
    245200
  ],
  "last_inc_bucket_id": [
    -1,
    245163,
    245233,
    -1,
    245203,
    -1,
    245236,
    -1,
    -1,
    -1,
    245196,
    -1,
    -1,
    245227,
    245229,
    -1,
    -1,
    245233,
    -1,
    -1,
    245208,
    245215,
    245215,
    245178,
    245219,
    245234,
    245230,
    245228,
    245229,
    245230,
    -1,
    245236,
    245182,
    245226,
    245214,
    245191,
    245186,
    -1,
    -1,
    245222,
    245205,
    245159,
    245214,
    245220,
    245222,
    245231,
    245236,
    245230,
    245236,
    245235,
    245231,
    245232,
    245233,
    -1,
    245205,
    -1,
    245221,
    -1,
    -1,
    -1,
    245227,
    245172,
    -1,
    245207,
    245231,
    245162,
    245235,
    -1,
    -1,
    245230
  ],
  "events_by_bucket": {
    "245223": {
      "39": [
        1,
        0
      ],
      "66": [
        0,
        1
      ]
    },
    "245224": {
      "52": [
        1,
        0
      ],
      "49": [
        1,
        0
      ]
    },
    "245225": {
      "27": [
        1,
        0
      ],
      "31": [
        0,
        1
      ]
    },
    "245226": {
      "27": [
        1,
        0
      ],
      "32": [
        1,
        0
      ],
      "46": [
        1,
        0
      ],
      "31": [
        0,
        1
      ],
      "29": [
        0,
        1
      ],
      "49": [
        1,
        0
      ],
      "66": [
        1,
        0
      ],
      "56": [
        1,
        0
      ],
      "50": [
        0,
        1
      ],
      "33": [
        0,
        1
      ]
    },
    "245227": {
      "43": [
        1,
        0
      ],
      "64": [
        0,
        1
      ],
      "46": [
        1,
        0
      ],
      "60": [
        0,
        1
      ],
      "49": [
        0,
        1
      ],
      "13": [
        0,
        1
      ],
      "69": [
        0,
        1
      ]
    },
    "245228": {
      "17": [
        0,
        1
      ],
      "51": [
        1,
        0
      ],
      "48": [
        0,
        1
      ],
      "33": [
        2,
        0
      ],
      "66": [
        1,
        0
      ],
      "50": [
        1,
        0
      ],
      "27": [
        0,
        1
      ],
      "49": [
        1,
        0
      ]
    },
    "245229": {
      "22": [
        1,
        0
      ],
      "14": [
        0,
        1
      ],
      "25": [
        1,
        0
      ],
      "46": [
        0,
        1
      ],
      "49": [
        0,
        1
      ],
      "4": [
        1,
        0
      ],
      "23": [
        1,
        0
      ],
      "28": [
        0,
        1
      ],
      "29": [
        1,
        0
      ]
    },
    "245230": {
      "66": [
        1,
        1
      ],
      "26": [
        0,
        1
      ],
      "49": [
        2,
        0
      ],
      "6": [
        1,
        0
      ],
      "46": [
        0,
        1
      ],
      "69": [
        0,
        1
      ],
      "21": [
        1,
        0
      ],
      "50": [
        2,
        0
      ],
      "29": [
        0,
        1
      ],
      "31": [
        1,
        0
      ],
      "47": [
        0,
        1
      ]
    },
    "245231": {
      "25": [
        1,
        2
      ],
      "49": [
        0,
        1
      ],
      "17": [
        0,
        1
      ],
      "46": [
        2,
        0
      ],
      "50": [
        0,
        1
      ],
      "29": [
        1,
        0
      ],
      "45": [
        0,
        1
      ],
      "33": [
        1,
        0
      ],
      "64": [
        0,
        1
      ]
    },
    "245232": {
      "49": [
        2,
        0
      ],
      "24": [
        1,
        0
      ],
      "29": [
        1,
        0
      ],
      "22": [
        1,
        0
      ],
      "23": [
        1,
        0
      ],
      "51": [
        0,
        1
      ],
      "33": [
        1,
        0
      ],
      "21": [
        2,
        0
      ],
      "46": [
        0,
        1
      ]
    },
    "245233": {
      "46": [
        1,
        0
      ],
      "52": [
        0,
        1
      ],
      "29": [
        1,
        0
      ],
      "66": [
        1,
        1
      ],